ArraySize,Threads,SerialTime,ParallelTime,Speedup,Efficiency,OutliersFound
3014903,1,14.726000,14.726000,1.0000,1.0000,0
3014903,2,12.882000,8.175000,1.5758,0.7879,0
3014903,4,12.791000,5.755000,2.2226,0.5556,0
